Model,Accuracy,Precision,Recall,F1-score,,,,,,,,,,,,,,,,,,,,,,,,
Gaussian Naïve Bayes,0.788,0.79,0.79,0.79,,,,,,,,,,,,,,,,,,,,,,,,
Scikit GNB,0.788,0.79,0.79,0.79,,,,,,,,,,,,,,,,,,,,,,,,
Decision Tree (50 layers),0.285,0.29,0.28,0.28,,,,,,,,,,,,,,,,,,,,,,,,
Decision Tree (100 layers),0.285,0.29,0.28,0.28,,,,,,,,,,,,,,,,,,,,,,,,
Decision Tree (16 layers),0.287,0.29,0.29,0.28,,,,,,,,,,,,,,,,,,,,,,,,
Scikit Decision Tree (50 layers),0.585,0.59,0.58,0.59,,,,,,,,,,,,,,,,,,,,,,,,
Default 3-Layer Perceptron (MLP),0.839,0.84,0.84,0.84,,,,,,,,,,,,,,,,,,,,,,,,
2-Layer Perceptron (MLP),0.838,0.84,0.84,0.84,,,,,,,,,,,,,,,,,,,,,,,,
6-Layer Perceptron (MLP),0.823,0.83,0.82,0.82,,,,,,,,,,,,,,,,,,,,,,,,
128 Layer-Size Perceptron (3 layers),0.834,0.83,0.83,0.83,,,,,,,,,,,,,,,,,,,,,,,,
2048 Layer-Size Perceptron (3 layers),0.831,0.83,0.83,0.83,,,,,,,,,,,,,,,,,,,,,,,,
Default CNN,0.625,0.62,0.62,0.62,,,,,,,,,,,,,,,,,,,,,,,,
,,,,,,,,,,,,,,,,,,,,,,,,,,,,
,,,,,,,,,,,,,,,,,,,,,,,,,,,,
,,,,,,,,,,,,,,,,,,,,,,,,,,,,
,,,,,,,,,,,,,,,,,,,,,,,,,,,,
,,,,,,,,,,,,,,,,,,,,,,,,,,,,
,,,,,,,,,,,,,,,,,,,,,,,,,,,,
,,,,,,,,,,,,,,,,,,,,,,,,,,,,
,,,,,,,,,,,,,,,,,,,,,,,,,,,,
,,,,,,,,,,,,,,,,,,,,,,,,,,,,
,,,,,,,,,,,,,,,,,,,,,,,,,,,,
,,,,,,,,,,,,,,,,,,,,,,,,,,,,
,,,,,,,,,,,,,,,,,,,,,,,,,,,,
,,,,,,,,,,,,,,,,,,,,,,,,,,,,
,,,,,,,,,,,,,,,,,,,,,,,,,,,,
,,,,,,,,,,,,,,,,,,,,,,,,,,,,
,,,,,,,,,,,,,,,,,,,,,,,,,,,,
,,,,,,,,,,,,,,,,,,,,,,,,,,,,
,,,,,,,,,,,,,,,,,,,,,,,,,,,,
,,,,,,,,,,,,,,,,,,,,,,,,,,,,
,,,,,,,,,,,,,,,,,,,,,,,,,,,,
,,,,,,,,,,,,,,,,,,,,,,,,,,,,
,,,,,,,,,,,,,,,,,,,,,,,,,,,,
,,,,,,,,,,,,,,,,,,,,,,,,,,,,
,,,,,,,,,,,,,,,,,,,,,,,,,,,,
,,,,,,,,,,,,,,,,,,,,,,,,,,,,
,,,,,,,,,,,,,,,,,,,,,,,,,,,,
,,,,,,,,,,,,,,,,,,,,,,,,,,,,
,,,,,,,,,,,,,,,,,,,,,,,,,,,,
,,,,,,,,,,,,,,,,,,,,,,,,,,,,
,,,,,,,,,,,,,,,,,,,,,,,,,,,,
,,,,,,,,,,,,,,,,,,,,,,,,,,,,
,,,,,,,,,,,,,,,,,,,,,,,,,,,,
,,,,,,,,,,,,,,,,,,,,,,,,,,,,
,,,,,,,,,,,,,,,,,,,,,,,,,,,,
,,,,,,,,,,,,,,,,,,,,,,,,,,,,
,,,,,,,,,,,,,,,,,,,,,,,,,,,,
,,,,,,,,,,,,,,,,,,,,,,,,,,,,
,,,,,,,,,,,,,,,,,,,,,,,,,,,,
,,,,,,,,,,,,,,,,,,,,,,,,,,,,
,,,,,,,,,,,,,,,,,,,,,,,,,,,,
